{"cameraMode":{"drawMode":1,"name":"Wireframe","section":"Shading Mode"},"sceneLighting":false,"audioPlay":false,"sceneViewState":{"showFog":false,"showMaterialUpdate":false,"showSkybox":false,"showFlares":false,"showImageEffects":false,"showParticleSystems":true},"in2DMode":false,"pivot":{"x":-7.940558433532715,"y":1.2053048610687256,"z":1.088404655456543},"rotation":{"x":0.05833699181675911,"y":0.06643853336572647,"z":-0.003891153261065483,"w":0.9960761666297913},"size":5.675225257873535,"orthographic":false}