{"cameraMode":{"drawMode":0,"name":"Shaded","section":"Shading Mode"},"sceneLighting":false,"audioPlay":false,"sceneViewState":{"showFog":false,"showMaterialUpdate":false,"showSkybox":false,"showFlares":false,"showImageEffects":false,"showParticleSystems":true},"in2DMode":false,"pivot":{"x":4.119016170501709,"y":-0.2517770826816559,"z":-0.10235738754272461},"rotation":{"x":0.00009002206206787378,"y":0.9995455741882324,"z":-0.02999572642147541,"w":0.0029986314475536348},"size":7.000357151031494,"orthographic":false}