{"cameraMode":{"drawMode":2,"name":"Shaded Wireframe","section":"Shading Mode"},"sceneLighting":false,"audioPlay":false,"sceneViewState":{"showFog":false,"showMaterialUpdate":false,"showSkybox":false,"showFlares":false,"showImageEffects":false,"showParticleSystems":true},"in2DMode":false,"pivot":{"x":0.9396857023239136,"y":1.2201085090637208,"z":-0.05322074890136719},"rotation":{"x":0.010499747470021248,"y":-0.002398205455392599,"z":0.00002512182436475996,"w":0.9999420046806336},"size":4.300355434417725,"orthographic":false}