{"cameraMode":{"drawMode":1,"name":"Wireframe","section":"Shading Mode"},"sceneLighting":false,"audioPlay":false,"sceneViewState":{"showFog":false,"showMaterialUpdate":false,"showSkybox":false,"showFlares":false,"showImageEffects":false,"showParticleSystems":true},"in2DMode":false,"pivot":{"x":2.2609786987304689,"y":2.7575440406799318,"z":-4.163630485534668},"rotation":{"x":0.1058482751250267,"y":0.09145049750804901,"z":-0.009776527993381024,"w":0.9901198744773865},"size":22.0,"orthographic":false}