{"cameraMode":{"drawMode":2,"name":"Shaded Wireframe","section":"Shading Mode"},"sceneLighting":false,"audioPlay":false,"sceneViewState":{"showFog":false,"showMaterialUpdate":false,"showSkybox":false,"showFlares":false,"showImageEffects":false,"showParticleSystems":true},"in2DMode":false,"pivot":{"x":6.690000534057617,"y":3.690000057220459,"z":0.0},"rotation":{"x":-0.0014981328276917339,"y":0.05008072033524513,"z":0.00007506296969950199,"w":0.9987441301345825},"size":6.173735618591309,"orthographic":false}